Stage,Value,ID,Type
Reconnaissance,Active Scanning,T1595,Primary
Reconnaissance,Gather Victim Host Information,T1592,Primary
Reconnaissance,Gather Victim Identity Information,T1589,Primary
Reconnaissance,Gather Victim Network Information,T1590,Primary
Reconnaissance,Gather Victim Org Information,T1591,Primary
Reconnaissance,Phishing for Information,T1598,Primary
Reconnaissance,Search Closed Sources,T1597,Primary
Reconnaissance,Search Open Technical Databases,T1596,Primary
Reconnaissance,Search Open Websites/Domains,T1593,Primary
Reconnaissance,Search Victim-Owned Websites,T1594,Primary
Reconnaissance,Active Scanning : Scanning IP Blocks,T1595.001,Sub
Reconnaissance,Active Scanning : Vulnerability Scanning,T1595.002,Sub
Reconnaissance,Gather Victim Host Information : Hardware,T1592.001,Sub
Reconnaissance,Gather Victim Host Information : Software,T1592.002,Sub
Reconnaissance,Gather Victim Host Information : Firmware,T1592.003,Sub
Reconnaissance,Gather Victim Host Information : Client Configurations,T1592.004,Sub
Reconnaissance,Gather Victim Identity Information : Credentials,T1589.001,Sub
Reconnaissance,Gather Victim Identity Information : Email Addresses,T1589.002,Sub
Reconnaissance,Gather Victim Identity Information : Employee Names,T1589.003,Sub
Reconnaissance,Gather Victim Network Information : Domain Properties,T1590.001,Sub
Reconnaissance,Gather Victim Network Information : DNS,T1590.002,Sub
Reconnaissance,Gather Victim Network Information : Network Trust Dependencies,T1590.003,Sub
Reconnaissance,Gather Victim Network Information : Network Topology,T1590.004,Sub
Reconnaissance,Gather Victim Network Information : IP Addresses,T1590.005,Sub
Reconnaissance,Gather Victim Network Information : Network Security Appliances,T1590.006,Sub
Reconnaissance,Gather Victim Org Information : Business Relationships,T1591.002,Sub
Reconnaissance,Gather Victim Org Information : Determine Physical Locations,T1591.001,Sub
Reconnaissance,Gather Victim Org Information : Identify Business Tempo,T1591.003,Sub
Reconnaissance,Gather Victim Org Information : Identify Roles,T1591.004,Sub
Reconnaissance,Phishing for Information : Spearphishing Service,T1598.001,Sub
Reconnaissance,Phishing for Information : Spearphishing Attachment,T1598.002,Sub
Reconnaissance,Phishing for Information : Spearphishing Link,T1598.003,Sub
Reconnaissance,Search Closed Sources : Threat Intel Vendors,T1597.001,Sub
Reconnaissance,Search Closed Sources : Purchase Technical Data,T1597.002,Sub
Reconnaissance,Search Open Technical Databases : WHOIS,T1596.002,Sub
Reconnaissance,Search Open Technical Databases : DNS/Passive DNS,T1596.001,Sub
Reconnaissance,Search Open Technical Databases : Digital Certificates,T1596.003,Sub
Reconnaissance,Search Open Technical Databases : CDNs,T1596.004,Sub
Reconnaissance,Search Open Technical Databases : Scan Databases,T1596.005,Sub
Reconnaissance,Search Open Websites/Domains : Social Media,T1593.001,Sub
Reconnaissance,Search Open Websites/Domains : Search Engines,T1593.002,Sub
Resource Development,Acquire Infrastructure,T1583,Primary
Resource Development,Acquire Infrastructure : Botnet,T1583.005,Sub
Resource Development,Acquire Infrastructure : DNS Server,T1583.002,Sub
Resource Development,Acquire Infrastructure : Domains,T1583.001,Sub
Resource Development,Acquire Infrastructure : Server,T1583.004,Sub
Resource Development,Acquire Infrastructure : Virtual Private Server,T1583.003,Sub
Resource Development,Acquire Infrastructure : Web Services,T1583.006,Sub
Resource Development,Compromise Accounts,T1586,Primary
Resource Development,Compromise Accounts : Email Accounts,T1586.002,Sub
Resource Development,Compromise Accounts : Social Media Accounts,T1586.001,Sub
Resource Development,Compromise Infrastructure,T1584,Primary
Resource Development,Compromise Infrastructure : Botnet,T1584.005,Sub
Resource Development,Compromise Infrastructure : DNS Server,T1584.002,Sub
Resource Development,Compromise Infrastructure : Domains,T1584.001,Sub
Resource Development,Compromise Infrastructure : Server,T1584.004,Sub
Resource Development,Compromise Infrastructure : Virtual Private Server,T1584.003,Sub
Resource Development,Compromise Infrastructure : Web Services,T1584.006,Sub
Resource Development,Develop Capabilities,T1587,Primary
Resource Development,Develop Capabilities : Code Signing Certificates,T1587.002,Sub
Resource Development,Develop Capabilities : Digital Certificates,T1587.003,Sub
Resource Development,Develop Capabilities : Exploits,T1587.004,Sub
Resource Development,Develop Capabilities : Malware,T1587.001,Sub
Resource Development,Establish Accounts,T1585,Primary
Resource Development,Establish Accounts : Email Accounts,T1585.002,Sub
Resource Development,Establish Accounts : Social Media Accounts,T1585.001,Sub
Resource Development,Obtain Capabilities,T1588,Primary
Resource Development,Obtain Capabilities : Code Signing Certificates,T1588.003,Sub
Resource Development,Obtain Capabilities : Digital Certificates,T1588.004,Sub
Resource Development,Obtain Capabilities : Exploits,T1588.005,Sub
Resource Development,Obtain Capabilities : Malware,T1588.001,Sub
Resource Development,Obtain Capabilities : Tool,T1588.002,Sub
Resource Development,Obtain Capabilities : Vulnerabilities,T1588.006,Sub
Initial Access,Drive-by Compromise,T1189,Primary
Initial Access,Exploit Public Facing Application,T1190,Primary
Initial Access,External Remote Services,T1133,Primary
Initial Access,Hardware Additions,T1200,Primary
Initial Access,Phishing,T1566,Primary
Initial Access,Phishing : Spearphishing Attachment,T1566.001,Sub
Initial Access,Phishing : Spearphishing Link,T1566.002,Sub
Initial Access,Phishing : Spearphishing via Service,T1566.003,Sub
Initial Access,Replication Through Removable Media,T1091,Primary
Initial Access,Supply Chain Compromise,T1195,Primary
Initial Access,Supply Chain Compromise : Compromise Hardware Supply Chain,T1195.003,Sub
Initial Access,Supply Chain Compromise : Compromise Software Dependencies and Development Tools,T1195.001,Sub
Initial Access,Supply Chain Compromise : Compromise Software Supply Chain,T1195.002,Sub
Initial Access,Trusted Relationship,T1199,Primary
Initial Access,Valid Accounts,T1078,Primary
Initial Access,Valid Accounts : Cloud Accounts,T1078.004,Sub
Initial Access,Valid Accounts : Default Accounts,T1078.001,Sub
Initial Access,Valid Accounts : Domain Accounts,T1078.002,Sub
Initial Access,Valid Accounts : Local Accounts,T1078.003,Sub
Execution,Command and Scripting Interpreter,T1059,Primary
Execution,Command and Scripting Interpreter : AppleScript,T1059.002,Sub
Execution,Command and Scripting Interpreter : JavaScript/JScript,T1059.007,Sub
Execution,Command and Scripting Interpreter : Network Device CLI,T1059.008,Sub
Execution,Command and Scripting Interpreter : Powershell,T1059.001,Sub
Execution,Command and Scripting Interpreter : Python,T1059.006,Sub
Execution,Command and Scripting Interpreter : Unix Shell,T1059.004,Sub
Execution,Command and Scripting Interpreter : Visual Basic,T1059.005,Sub
Execution,Command and Scripting Interpreter : Windows Command Shell,T1059.003,Sub
Execution,Exploitation for Client Execution,T1203,Primary
Execution,Inter-Process Communication,T1559,Primary
Execution,Inter-Process Communication : Component Object Model,T1559.001,Sub
Execution,Inter-Process Communication : Dynamic Data Exchange,T1559.002,Sub
Execution,Native API,T1106,Primary
Execution,Scheduled Task/Job,T1053,Primary
Execution,Scheduled Task/Job : At (Linux),T1053.001,Sub
Execution,Scheduled Task/Job : At (Windows),T1053.002,Sub
Execution,Scheduled Task/Job : Cron,T1053.003,Sub
Execution,Scheduled Task/Job : Launchd,T1053.004,Sub
Execution,Scheduled Task/Job : Scheduled Task,T1053.005,Sub
Execution,Scheduled Task/Job : Systemd Timers,T1053.006,Sub
Execution,Shared Modules,T1129,Primary
Execution,Software Deployment Tools,T1072,Primary
Execution,System Services,T1569,Primary
Execution,System Services : Launchctl,T1569.001,Sub
Execution,System Services : Service Execution,T1569.002,Sub
Execution,User Execution,T1204,Primary
Execution,User Execution : Malicious File,T1204.002,Sub
Execution,User Execution : Malicious Link,T1204.001,Sub
Execution,Windows Management Instrumentation,T1047,Primary
Persistence,Account Manipulation,T1098,Primary
Persistence,Account Manipulation : Add Office 365 Global Administrator Role,T1098.003,Sub
Persistence,Account Manipulation : Additional Cloud Credentials,T1098.001,Sub
Persistence,Account Manipulation : Exchange Email Delegate Permissions,T1098.002,Sub
Persistence,Account Manipulation : SSH Authorized Keys,T1098.004,Sub
Persistence,BITS Jobs,T1197,Primary
Persistence,Boot or Logon Autostart Execution,T1547,Primary
Persistence,Boot or Logon Autostart Execution : Authentication Package,T1547.002,Sub
Persistence,Boot or Logon Autostart Execution : Kernel Modules and Extensions,T1547.006,Sub
Persistence,Boot or Logon Autostart Execution : LSASS Driver,T1547.008,Sub
Persistence,Boot or Logon Autostart Execution : Plist Modification,T1547.011,Sub
Persistence,Boot or Logon Autostart Execution : Port Monitors,T1547.010,Sub
Persistence,Boot or Logon Autostart Execution : Print Processors,T1547.012,Sub
Persistence,Boot or Logon Autostart Execution : Registry Run Keys / Startup Folder,T1547.001,Sub
Persistence,Boot or Logon Autostart Execution : Re-opened Applications,T1547.007,Sub
Persistence,Boot or Logon Autostart Execution : Security Support Provider,T1547.005,Sub
Persistence,Boot or Logon Autostart Execution : Shortcut Modification,T1547.009,Sub
Persistence,Boot or Logon Autostart Execution : Time Providers,T1547.003,Sub
Persistence,Boot or Logon Autostart Execution : Winlogon Helper DLL,T1547.004,Sub
Persistence,Boot or Logon Initialization Scripts,T1037,Primary
Persistence,Boot or Logon Initialization Scripts : Logon Script (Mac),T1037.002,Sub
Persistence,Boot or Logon Initialization Scripts : Logon Script (Windows),T1037.001,Sub
Persistence,Boot or Logon Initialization Scripts : Network Logon Script,T1037.003,Sub
Persistence,Boot or Logon Initialization Scripts : Rc.common,T1037.004,Sub
Persistence,Boot or Logon Initialization Scripts : Startup Items,T1037.005,Sub
Persistence,Browser Extensions,T1176,Primary
Persistence,Compromise Client Software Software Binary,T1554,Primary
Persistence,Create Account,T1136,Primary
Persistence,Create Account : Cloud Account,T1136.003,Sub
Persistence,Create Account : Domain Account,T1136.002,Sub
Persistence,Create Account : Local Account,T1136.001,Sub
Persistence,Create or Modify System Process,T1543,Primary
Persistence,Create or Modify System Process : Launch Agent,T1543.001,Sub
Persistence,Create or Modify System Process : Launch Daemon,T1543.004,Sub
Persistence,Create or Modify System Process : Systemd Service,T1543.002,Sub
Persistence,Create or Modify System Process : Windows Service,T1543.003,Sub
Persistence,Event Triggered Execution,T1546,Primary
Persistence,Event Triggered Execution : .bash_profile and .bashrc,T1546.004,Sub
Persistence,Event Triggered Execution : Accessibility Features,T1546.008,Sub
Persistence,Event Triggered Execution : AppCert DLLs,T1546.009,Sub
Persistence,Event Triggered Execution : AppInit DLLs,T1546.010,Sub
Persistence,Event Triggered Execution : Application Shimming,T1546.011,Sub
Persistence,Event Triggered Execution : Change Default File Association,T1546.001,Sub
Persistence,Event Triggered Execution : Component Object Model Hijacking,T1546.015,Sub
Persistence,Event Triggered Execution : Emond,T1546.014,Sub
Persistence,Event Triggered Execution : Image File Execution Options Injection,T1546.012,Sub
Persistence,Event Triggered Execution : LC_LOAD_DYLIB Addition,T1546.006,Sub
Persistence,Event Triggered Execution : Netsh Helper DLL,T1546.007,Sub
Persistence,Event Triggered Execution : PowerShell Profile,T1546.013,Sub
Persistence,Event Triggered Execution : Screensaver,T1546.002,Sub
Persistence,Event Triggered Execution : Trap,T1546.005,Sub
Persistence,Event Triggered Execution : Windows Management Instrumentation Event Subscription,T1546.003,Sub
Persistence,External Remote Services,T1133,Primary
Persistence,Hijack Execution Flow,T1574,Primary
Persistence,Hijack Execution Flow : COR_PROFILER,T1574.012,Sub
Persistence,Hijack Execution Flow : DLL Search Order Hijacking,T1574.001,Sub
Persistence,Hijack Execution Flow : DLL Side-Loading,T1574.002,Sub
Persistence,Hijack Execution Flow : Dylib Hijacking,T1574.004,Sub
Persistence,Hijack Execution Flow : Executable Installer File Permissions Weakness,T1574.005,Sub
Persistence,Hijack Execution Flow : LD_PRELOAD,T1574.006,Sub
Persistence,Hijack Execution Flow : Path Interception by PATH Environment Variable,T1574.007,Sub
Persistence,Hijack Execution Flow : Path Interception by Search Order Hijacking,T1574.008,Sub
Persistence,Hijack Execution Flow : Path Interception by Unquoted Path,T1574.009,Sub
Persistence,Hijack Execution Flow : Services File Permissions Weakness,T1574.010,Sub
Persistence,Hijack Execution Flow : Services Registry Permissions Weakness,T1574.011,Sub
Persistence,Implant Container image,T1525,Primary
Persistence,Office Application Startup,T1137,Primary
Persistence,Office Application Startup : Add-ins,T1137.006,Sub
Persistence,Office Application Startup : Office Template Macros,T1137.001,Sub
Persistence,Office Application Startup : Office Test,T1137.002,Sub
Persistence,Office Application Startup : Outlook Forms,T1137.003,Sub
Persistence,Office Application Startup : Outlook Home Page,T1137.004,Sub
Persistence,Office Application Startup : Outlook Rules,T1137.005,Sub
Persistence,Pre-OS Boot,T1542,Primary
Persistence,Pre-OS Boot : Bootkit,T1542.003,Sub
Persistence,Pre-OS Boot : Component Firmware,T1542.002,Sub
Persistence,Pre-OS Boot : ROMMONkit,T1542.004,Sub
Persistence,Pre-OS Boot : System Firmware,T1542.001,Sub
Persistence,Pre-OS Boot : TFTP Boot,T1542.005,Sub
Persistence,Scheduled Task/Job,T1053,Primary
Persistence,Scheduled Task/Job : At (Linux),T1053.001,Sub
Persistence,Scheduled Task/Job : At (Windows),T1053.002,Sub
Persistence,Scheduled Task/Job : Cron,T1053.003,Sub
Persistence,Scheduled Task/Job : Launchd,T1053.004,Sub
Persistence,Scheduled Task/Job : Scheduled Task,T1053.005,Sub
Persistence,Scheduled Task/Job : Systemd Timers,T1053.006,Sub
Persistence,Server Software Component,T1505,Primary
Persistence,Server Software Component : SQL Stored Procedures,T1505.001,Sub
Persistence,Server Software Component : Transport Agent,T1505.002,Sub
Persistence,Server Software Component : Web Shell,T1505.003,Sub
Persistence,Traffic Signaling,T1205,Primary
Persistence,Traffic Signaling : Port Knocking,T1205.001,Sub
Persistence,Valid Accounts,T1078,Primary
Persistence,Valid Accounts : Cloud Accounts,T1078.004,Sub
Persistence,Valid Accounts : Default Accounts,T1078.001,Sub
Persistence,Valid Accounts : Domain Accounts,T1078.002,Sub
Persistence,Valid Accounts : Local Accounts,T1078.003,Sub
Privilege Escalation,Abuse Elevation Control Mechanism,T1548,Primary
Privilege Escalation,Abuse Elevation Control Mechanism : Bypass User Account Control,T1548.002,Sub
Privilege Escalation,Abuse Elevation Control Mechanism : Elevated Execution with Prompt,T1548.004,Sub
Privilege Escalation,Abuse Elevation Control Mechanism : Setuid and Setgid,T1548.001,Sub
Privilege Escalation,Abuse Elevation Control Mechanism : Sudo and Sudo Caching,T1548.003,Sub
Privilege Escalation,Access Token Manipulation,T1134,Primary
Privilege Escalation,Access Token Manipulation : Create Process with Token,T1134.002,Sub
Privilege Escalation,Access Token Manipulation : Make and Impersonate Token,T1134.003,Sub
Privilege Escalation,Access Token Manipulation : Parent PID Spoofing,T1134.004,Sub
Privilege Escalation,Access Token Manipulation : SID-History Injection,T1134.005,Sub
Privilege Escalation,Access Token Manipulation : Token Impersonation/Theft,T1134.001,Sub
Privilege Escalation,Boot or Logon Autostart Execution,T1547,Primary
Privilege Escalation,Boot or Logon Autostart Execution : Authentication Package,T1547.002,Sub
Privilege Escalation,Boot or Logon Autostart Execution : Kernel Modules and Extensions,T1547.006,Sub
Privilege Escalation,Boot or Logon Autostart Execution : LSASS Driver,T1547.008,Sub
Privilege Escalation,Boot or Logon Autostart Execution : Plist Modification,T1547.011,Sub
Privilege Escalation,Boot or Logon Autostart Execution : Port Monitors,T1547.010,Sub
Privilege Escalation,Boot or Logon Autostart Execution : Print Processors,T1547.012,Sub
Privilege Escalation,Boot or Logon Autostart Execution : Registry Run Keys / Startup Folder,T1547.001,Sub
Privilege Escalation,Boot or Logon Autostart Execution : Re-opened Applications,T1547.007,Sub
Privilege Escalation,Boot or Logon Autostart Execution : Security Support Provider,T1547.005,Sub
Privilege Escalation,Boot or Logon Autostart Execution : Shortcut Modification,T1547.009,Sub
Privilege Escalation,Boot or Logon Autostart Execution : Time Providers,T1547.003,Sub
Privilege Escalation,Boot or Logon Autostart Execution : Winlogon Helper DLL,T1547.004,Sub
Privilege Escalation,Boot or Logon Initialization Scripts,T1037,Primary
Privilege Escalation,Boot or Logon Initialization Scripts : Logon Script (Mac),T1037.002,Sub
Privilege Escalation,Boot or Logon Initialization Scripts : Logon Script (Windows),T1037.001,Sub
Privilege Escalation,Boot or Logon Initialization Scripts : Network Logon Script,T1037.003,Sub
Privilege Escalation,Boot or Logon Initialization Scripts : Rc.common,T1037.004,Sub
Privilege Escalation,Boot or Logon Initialization Scripts : Startup Items,T1037.005,Sub
Privilege Escalation,Create or Modify System Process,T1543,Primary
Privilege Escalation,Create or Modify System Process : Launch Agent,T1543.001,Sub
Privilege Escalation,Create or Modify System Process : Launch Daemon,T1543.004,Sub
Privilege Escalation,Create or Modify System Process : Systemd Service,T1543.002,Sub
Privilege Escalation,Create or Modify System Process : Windows Service,T1543.003,Sub
Privilege Escalation,Event Triggered Execution,T1546,Primary
Privilege Escalation,Event Triggered Execution : .bash.profile and .bashrc,T1546.004,Sub
Privilege Escalation,Event Triggered Execution : Accessibility Features,T1546.008,Sub
Privilege Escalation,Event Triggered Execution : AppCert DLLs,T1546.009,Sub
Privilege Escalation,Event Triggered Execution : AppInit DLLs,T1546.010,Sub
Privilege Escalation,Event Triggered Execution : Application Shimming,T1546.011,Sub
Privilege Escalation,Event Triggered Execution : Change Default File Association,T1546.001,Sub
Privilege Escalation,Event Triggered Execution : Component Object Model Hijacking,T1546.015,Sub
Privilege Escalation,Event Triggered Execution : Emond,T1546.014,Sub
Privilege Escalation,Event Triggered Execution : Image File Execution Options Injection,T1546.012,Sub
Privilege Escalation,Event Triggered Execution : LC_LOAD_DYLIB Addition,T1546.006,Sub
Privilege Escalation,Event Triggered Execution : Netsh Helper DLL,T1546.007,Sub
Privilege Escalation,Event Triggered Execution : PowerShell Profile,T1546.013,Sub
Privilege Escalation,Event Triggered Execution : Screensaver,T1546.002,Sub
Privilege Escalation,Event Triggered Execution : Trap,T1546.005,Sub
Privilege Escalation,Event Triggered Execution : Windows Management Instrumentation Event Subscription,T1546.003,Sub
Privilege Escalation,Exploitation for Privilege Escalation,T1068,Primary
Privilege Escalation,Group Policy Modification,T1484,Primary
Privilege Escalation,Hijack Execution flow,T1574,Primary
Privilege Escalation,Hijack Execution Flow : COR_PROFILER,T1574.012,Sub
Privilege Escalation,Hijack Execution Flow : DLL Search Order Hijacking,T1574.001,Sub
Privilege Escalation,Hijack Execution Flow : DLL Side-Loading,T1574.002,Sub
Privilege Escalation,Hijack Execution Flow : Dylib Hijacking,T1574.004,Sub
Privilege Escalation,Hijack Execution Flow : Executable Installer File Permissions Weakness,T1574.005,Sub
Privilege Escalation,Hijack Execution Flow : LD_PRELOAD,T1574.006,Sub
Privilege Escalation,Hijack Execution Flow : Path Interception by PATH Environment Variable,T1574.007,Sub
Privilege Escalation,Hijack Execution Flow : Path Interception by Search Order Hijacking,T1574.008,Sub
Privilege Escalation,Hijack Execution Flow : Path Interception by Unquoted Path,T1574.009,Sub
Privilege Escalation,Hijack Execution Flow : Services File Permissions Weakness,T1574.010,Sub
Privilege Escalation,Hijack Execution Flow : Services Registry Permissions Weakness,T1574.011,Sub
Privilege Escalation,Process Injection,T1055,Primary
Privilege Escalation,Process Injection : Asynchronous Procedure Call,T1055.004,Sub
Privilege Escalation,Process Injection : Dynamic-link Library Injection,T1055.001,Sub
Privilege Escalation,Process Injection : Extra Window Memory Injection,T1055.011,Sub
Privilege Escalation,Process Injection : Portable Executable Injection,T1055.002,Sub
Privilege Escalation,Process Injection : Proc Memory,T1055.009,Sub
Privilege Escalation,Process Injection : Process Doppelganging,T1055.013,Sub
Privilege Escalation,Process Injection : Process Hollowing,T1055.012,Sub
Privilege Escalation,Process Injection : Ptrace System Calls,T1055.008,Sub
Privilege Escalation,Process Injection : Thread Execution Hijacking,T1055.003,Sub
Privilege Escalation,Process Injection : Thread Local Storage,T1055.005,Sub
Privilege Escalation,Process Injection : VDSO Hijacking,T1055.014,Sub
Privilege Escalation,Scheduled Task/Job,T1053,Primary
Privilege Escalation,Scheduled Task/Job : At (Linux),T1053.001,Sub
Privilege Escalation,Scheduled Task/Job : At (Windows),T1053.002,Sub
Privilege Escalation,Scheduled Task/Job : Cron,T1053.003,Sub
Privilege Escalation,Scheduled Task/Job : Launchd,T1053.004,Sub
Privilege Escalation,Scheduled Task/Job : Scheduled Task,T1053.005,Sub
Privilege Escalation,Scheduled Task/Job : Systemd Timers,T1053.006,Sub
Privilege Escalation,Valid Accounts,T1078,Primary
Privilege Escalation,Valid Accounts : Cloud Accounts,T1078.004,Sub
Privilege Escalation,Valid Accounts : Default Accounts,T1078.001,Sub
Privilege Escalation,Valid Accounts : Domain Accounts,T1078.002,Sub
Privilege Escalation,Valid Accounts : Local Accounts,T1078.003,Sub
Defense Evasion,Abuse Elevation Control Mechanism,T1548,Primary
Defense Evasion,Abuse Elevation Control Mechanism : Bypass User Account Control,T1548.002,Sub
Defense Evasion,Abuse Elevation Control Mechanism : Elevated Execution with Prompt,T1548.004,Sub
Defense Evasion,Abuse Elevation Control Mechanism : Setuid and Setgid,T1548.001,Sub
Defense Evasion,Abuse Elevation Control Mechanism : Sudo and Sudo Caching,T1548.003,Sub
Defense Evasion,Access Token Manipulation,T1134,Primary
Defense Evasion,Access Token Manipulation : Create Process with Token,T1134.002,Sub
Defense Evasion,Access Token Manipulation : Make and Impersonate Token,T1134.003,Sub
Defense Evasion,Access Token Manipulation : Parent PID Spoofing,T1134.004,Sub
Defense Evasion,Access Token Manipulation : SID-History Injection,T1134.005,Sub
Defense Evasion,Access Token Manipulation : Token Impersonation/Theft,T1134.001,Sub
Defense Evasion,BITS Jobs,T1197,Primary
Defense Evasion,Deobfuscate/Decode Files or Information,T1140,Primary
Defense Evasion,Direct Volume Access,T1006,Primary
Defense Evasion,Execution Guardrails,T1480,Primary
Defense Evasion,Execution Guardrails : Environmental Keyring,T1480.001,Sub
Defense Evasion,Exploitation for Defense Evasion,T1211,Primary
Defense Evasion,File and Directory Permissions Modification,T1222,Primary
Defense Evasion,File and Directory Permissions Modification : Linux and MAC File and Directory Permissions Modification,T1222.002,Sub
Defense Evasion,File and Directory Permissions Modification : Windows File and Directory Permissions Modification,T1222.001,Sub
Defense Evasion,Group Policy Modification,T1484,Primary
Defense Evasion,Hide Artifacts,T1564,Primary
Defense Evasion,Hide Artifacts : Hidden File System,T1564.005,Sub
Defense Evasion,Hide Artifacts : Hidden Files and Directories,T1564.001,Sub
Defense Evasion,Hide Artifacts : Hidden Users,T1564.002,Sub
Defense Evasion,Hide Artifacts : Hidden Window,T1564.003,Sub
Defense Evasion,Hide Artifacts : NTFS File Attributes,T1564.004,Sub
Defense Evasion,Hide Artifacts : Run Virtual Instance,T1564.006,Sub
Defense Evasion,Hide Artifacts : VBA Stomping,T1564.007,Sub
Defense Evasion,Hijack Execution Flow,T1574,Primary
Defense Evasion,Hijack Execution Flow : COR_PROFILER,T1574.012,Sub
Defense Evasion,Hijack Execution Flow : DLL Search Order Hijacking,T1574.001,Sub
Defense Evasion,Hijack Execution Flow : DLL Side-Loading,T1574.002,Sub
Defense Evasion,Hijack Execution Flow : Dylib Hijacking,T1574.004,Sub
Defense Evasion,Hijack Execution Flow : Executable Installer File Permissions Weakness,T1574.005,Sub
Defense Evasion,Hijack Execution Flow : LD_PRELOAD,T1574.006,Sub
Defense Evasion,Hijack Execution Flow : Path Interception by PATH Environment Variable,T1574.007,Sub
Defense Evasion,Hijack Execution Flow : Path Interception by Search Order Hijacking,T1574.008,Sub
Defense Evasion,Hijack Execution Flow : Path Interception by Unquoted Path,T1574.009,Sub
Defense Evasion,Hijack Execution Flow : Services File Permissions Weakness,T1574.010,Sub
Defense Evasion,Hijack Execution Flow : Services Registry Permissions Weakness,T1574.011,Sub
Defense Evasion,Impair Defenses,T1562,Primary
Defense Evasion,Impair Defenses : Disable Cloud Logs,T1562.008,Sub
Defense Evasion,Impair Defenses : Disable or Modify Cloud Firewall,T1562.007,Sub
Defense Evasion,Impair Defenses : Disable or Modify System Firewall,T1562.004,Sub
Defense Evasion,Impair Defenses : Disable or Modify Tools,T1562.001,Sub
Defense Evasion,Impair Defenses : Disable Windows Event Logging,T1562.002,Sub
Defense Evasion,Impair Defenses : Impair Command History Logging,T1562.003,Sub
Defense Evasion,Impair Defenses : Indicator Blocking,T1562.006,Sub
Defense Evasion,Indicator Removal on Host,T1070,Primary
Defense Evasion,Indicator Removal on Host : Clear Command History,T1070.003,Sub
Defense Evasion,Indicator Removal on Host : Clear Linux of Mac System Logs,T1070.002,Sub
Defense Evasion,Indicator Removal on Host : Clear Windows Event Logs,T1070.001,Sub
Defense Evasion,Indicator Removal on Host : File Deletion,T1070.004,Sub
Defense Evasion,Indicator Removal on Host : Network Share Connection Removal,T1070.005,Sub
Defense Evasion,Indicator Removal on Host : Timestomp,T1070.006,Sub
Defense Evasion,Indirect Command Execution,T1202,Primary
Defense Evasion,Masquerading,T1036,Primary
Defense Evasion,Masquerading : Invalid Code Signature,T1036.001,Sub
Defense Evasion,Masquerading : Masquerade Task or Service,T1036.004,Sub
Defense Evasion,Masquerading : Match Legitimate Name or Location,T1036.005,Sub
Defense Evasion,Masquerading : Rename System Utilities,T1036.003,Sub
Defense Evasion,Masquerading : Right-to-Left Override,T1036.002,Sub
Defense Evasion,Masquerading : Space after Filename,T1036.006,Sub
Defense Evasion,Modify Authentication Process,T1556,Primary
Defense Evasion,Modify Authentication Process : Domain Controller Authentication,T1556.001,Sub
Defense Evasion,Modify Authentication Process : Network Device Authentication,T1556.004,Sub
Defense Evasion,Modify Authentication Process : Password Filter DLL,T1556.002,Sub
Defense Evasion,Modify Authentication Process : Pluggable Authentication Modules,T1556.003,Sub
Defense Evasion,Modify Cloud Compute Infrastructure,T1578,Primary
Defense Evasion,Modify Cloud Compute Infrastructure : Create Cloud Instance,T1578.002,Sub
Defense Evasion,Modify Cloud Compute Infrastructure : Create Snapshot,T1578.001,Sub
Defense Evasion,Modify Cloud Compute Infrastructure : Delete Cloud Instance,T1578.003,Sub
Defense Evasion,Modify Cloud Compute Infrastructure : Revert Cloud Instance,T1578.004,Sub
Defense Evasion,Modify Registry,T1112,Primary
Defense Evasion,Modify System Image,T1601,Primary
Defense Evasion,Modify System Image : Downgrade System Image,T1601.002,Sub
Defense Evasion,Modify System Image : Patch System Image,T1601.001,Sub
Defense Evasion,Network Boundary Bridging,T1599,Primary
Defense Evasion,Network Boundary Bridging : Network Address Translation Traversal,T1599.001,Sub
Defense Evasion,Obfuscated Files or Information,T1027,Primary
Defense Evasion,Obfuscated Files or Information : Binary Padding,T1027.001,Sub
Defense Evasion,Obfuscated Files or Information : Compile After Delivery,T1027.004,Sub
Defense Evasion,Obfuscated Files or Information : Indicator Removal from Tools,T1027.005,Sub
Defense Evasion,Obfuscated Files or Information : Software Packing,T1027.002,Sub
Defense Evasion,Obfuscated Files or Information : Steganography,T1027.003,Sub
Defense Evasion,Pre-OS Boot,T1542,Primary
Defense Evasion,Pre-OS Boot : Bootkit,T1542.003,Sub
Defense Evasion,Pre-OS Boot : Component Firmware,T1542.002,Sub
Defense Evasion,Pre-OS Boot : ROMMONkit,T1542.004,Sub
Defense Evasion,Pre-OS Boot : System Firmware,T1542.001,Sub
Defense Evasion,Pre-OS Boot : TFTPBoot,T1542.005,Sub
Defense Evasion,Process Injection,T1055,Primary
Defense Evasion,Process Injection : Asynchronous Procedure Call,T1055.004,Sub
Defense Evasion,Process Injection : Dynamic-link Library Injection,T1055.001,Sub
Defense Evasion,Process Injection : Extra Window Memory Injection,T1055.011,Sub
Defense Evasion,Process Injection : Portable Executable Injection,T1055.002,Sub
Defense Evasion,Process Injection : Proc Memory,T1055.009,Sub
Defense Evasion,Process Injection : Process Doppelganging,T1055.013,Sub
Defense Evasion,Process Injection : Process Hollowing,T1055.012,Sub
Defense Evasion,Process Injection : Ptrace System Calls,T1055.008,Sub
Defense Evasion,Process Injection : Thread Execution Hijacking,T1055.003,Sub
Defense Evasion,Process Injection : Thread Local Storage,T1055.005,Sub
Defense Evasion,Process Injection : VDSO Hijacking,T1055.014,Sub
Defense Evasion,Rogue Domain Controller,T1207,Primary
Defense Evasion,Rootkit,T1014,Primary
Defense Evasion,Signed Binary Proxy Execution,T1218,Primary
Defense Evasion,Signed Binary Proxy Execution : CMSTP,T1218.003,Sub
Defense Evasion,Signed Binary Proxy Execution : Compiled HTML File,T1218.001,Sub
Defense Evasion,Signed Binary Proxy Execution : Control Panel,T1218.002,Sub
Defense Evasion,Signed Binary Proxy Execution : InstallUtil,T1218.004,Sub
Defense Evasion,Signed Binary Proxy Execution : Mshta,T1218.005,Sub
Defense Evasion,Signed Binary Proxy Execution : Msiexec,T1218.007,Sub
Defense Evasion,Signed Binary Proxy Execution : Odbcconf,T1218.008,Sub
Defense Evasion,Signed Binary Proxy Execution : Regsvcs/Regasm,T1218.009,Sub
Defense Evasion,Signed Binary Proxy Execution : Regsvr32,T1218.010,Sub
Defense Evasion,Signed Binary Proxy Execution : Rundll32,T1218.011,Sub
Defense Evasion,Signed Binary Proxy Execution : Verclsid,T1218.012,Sub
Defense Evasion,Signed Script Proxy Execution,T1216,Primary
Defense Evasion,Signed Script Proxy Execution : PubPrn,T1216.001,Sub
Defense Evasion,Subvert Trust Controls,T1553,Primary
Defense Evasion,Subvert Trust Controls : Code Signing,T1553.002,Sub
Defense Evasion,Subvert Trust Controls : Gatekeeper Bypass,T1553.001,Sub
Defense Evasion,Subvert Trust Controls : Install Root Certificate,T1553.004,Sub
Defense Evasion,Subvert Trust Controls : SIP and Trust Provider Hijacking,T1553.003,Sub
Defense Evasion,Template Injection,T1221,Primary
Defense Evasion,Traffic Signaling,T1205,Primary
Defense Evasion,Traffic Signaling : Port Knocking,T1205.001,Sub
Defense Evasion,Trusted Developer Utilities Proxy Execution,T1127,Primary
Defense Evasion,Trusted Developer Utilities Proxy Execution : MSBuild,T1127.001,Sub
Defense Evasion,Unused/Unsupported Cloud Regions,T1535,Primary
Defense Evasion,Use Alternate Authentication Material,T1550,Primary
Defense Evasion,User Alternate Authentication Material : Application Access Token,T1550.001,Sub
Defense Evasion,User Alternate Authentication Material : Pass the Hash,T1550.002,Sub
Defense Evasion,User Alternate Authentication Material : Pass the Ticket,T1550.003,Sub
Defense Evasion,User Alternate Authentication Material : Web Session Cookie,T1550.004,Sub
Defense Evasion,Valid Accounts,T1078,Primary
Defense Evasion,Valid Accounts : Cloud Accounts,T1078.004,Sub
Defense Evasion,Valid Accounts : Default Accounts,T1078.001,Sub
Defense Evasion,Valid Accounts : Domain Accounts,T1078.002,Sub
Defense Evasion,Valid Accounts : Local Accounts,T1078.003,Sub
Defense Evasion,Virtualization/Sandbox Evasion,T1497,Primary
Defense Evasion,Virtualization/Sandbox Evasion : System Checks,T1497.001,Sub
Defense Evasion,Virtualization/Sandbox Evasion : Time Based Evasion,T1497.003,Sub
Defense Evasion,Virtualization/Sandbox Evasion : User Activity Based Checks,T1497.002,Sub
Defense Evasion,Weaken Encryption,T1600,Primary
Defense Evasion,Weaken Encryption : Disable Crypto Hardware,T1600.002,Sub
Defense Evasion,Weaken Encryption : Reduce Key Space,T1600.001,Sub
Defense Evasion,XSL Script Processing,T1220,Primary
Credential Access,Brute Force,T1110,Primary
Credential Access,Brute Force : Credential Stuffing,T1110.004,Sub
Credential Access,Brute Force : Password Cracking,T1110.002,Sub
Credential Access,Brute Force : Password Guessing,T1110.001,Sub
Credential Access,Brute Force : Password Spraying,T1110.003,Sub
Credential Access,Credentials from Password Stores,T1555,Primary
Credential Access,Credentials from Password Stores : Credentials from Web Browsers,T1555.003,Sub
Credential Access,Credentials from Password Stores : Keychain,T1555.001,Sub
Credential Access,Credentials from Password Stores : Securityd Memory,T1555.002,Sub
Credential Access,Exploitation for Credential Access,T1212,Primary
Credential Access,Forced Authentication,T1187,Primary
Credential Access,Input Capture,T1056,Primary
Credential Access,Input Capture : Credential API Hooking,T1056.004,Sub
Credential Access,Input Capture : GUI Input Capture,T1056.002,Sub
Credential Access,Input Capture : Keylogging,T1056.001,Sub
Credential Access,Input Capture : Web Portal Capture,T1056.003,Sub
Credential Access,Man-in-the-Middle,T1557,Primary
Credential Access,Man-in-the-Middle : ARP Cache Poisoning,T1557.002,Sub
Credential Access,Man-in-the-Middle : LLMNR/NBT-NS Poisoning and SMB Relay,T1557.001,Sub
Credential Access,Modify Authentication Process,T1556,Primary
Credential Access,Modify Authentication Process : Domain Controller Authentication,T1556.001,Sub
Credential Access,Modify Authentication Process : Network Device Authentication,T1556.004,Sub
Credential Access,Modify Authentication Process : Password Filter DLL,T1556.002,Sub
Credential Access,Modify Authentication Process : Pluggable Authentication Modules,T1556.003,Sub
Credential Access,Network Sniffing,T1040,Primary
Credential Access,OS Credential Dumping,T1003,Primary
Credential Access,OS Credential Dumping : /etc/passwd and /etc/shadow,T1003.008,Sub
Credential Access,OS Credential Dumping : Cached Domain Credentials,T1003.005,Sub
Credential Access,OS Credential Dumping : DCSync,T1003.006,Sub
Credential Access,OS Credential Dumping : LSA Secrets,T1003.004,Sub
Credential Access,OS Credential Dumping : LSASS Memory,T1003.001,Sub
Credential Access,OS Credential Dumping : NTDS,T1003.003,Sub
Credential Access,OS Credential Dumping : Proc Filesystem,T1003.007,Sub
Credential Access,OS Credential Dumping : Security Account Manager,T1003.002,Sub
Credential Access,Steal Application Access Token,T1528,Primary
Credential Access,Steal or Forge Kerberos Tickets,T1558,Primary
Credential Access,Steal or Forge Kerberos Tickets : AS-REP Roasting,T1558.004,Sub
Credential Access,Steal or Forge Kerberos Tickets : Golden Ticket,T1558.001,Sub
Credential Access,Steal or Forge Kerberos Tickets : Kerberoasting,T1558.003,Sub
Credential Access,Steal or Forge Kerberos Tickets : Silver Ticket,T1558.002,Sub
Credential Access,Steal Web Session Cookie,T1539,Primary
Credential Access,Two-Factor Authentication Interception,T1111,Primary
Credential Access,Unsecured Credentials,T1552,Primary
Credential Access,Unsecured Credentials : Bash History,T1552.003,Sub
Credential Access,Unsecured Credentials : Cloud Instance Metadata API,T1552.005,Sub
Credential Access,Unsecured Credentials : Credentials in Files,T1552.001,Sub
Credential Access,Unsecured Credentials : Credentials in Registry,T1552.002,Sub
Credential Access,Unsecured Credentials : Group Policy Preferences,T1552.006,Sub
Credential Access,Unsecured Credentials : Private Keys,T1552.004,Sub
Discovery,Account Discovery,T1087,Primary
Discovery,Account Discovery : Cloud Account,T1087.004,Sub
Discovery,Account Discovery : Domain Account,T1087.002,Sub
Discovery,Account Discovery : Email Account,T1087.003,Sub
Discovery,Account Discovery : Local Account,T1087.001,Sub
Discovery,Application Window Discovery,T1010,Primary
Discovery,Browser Bookmark Discovery,T1217,Primary
Discovery,Cloud Infrastructure Discovery,T1580,Primary
Discovery,Cloud Service Dashboard,T1538,Primary
Discovery,Cloud Service Discovery,T1526,Primary
Discovery,Domain Trust Discovery,T1482,Primary
Discovery,File and Directory Discovery,T1083,Primary
Discovery,Network Service Scanning,T1046,Primary
Discovery,Network Share Discovery,T1135,Primary
Discovery,Network Sniffing,T1040,Primary
Discovery,Password Policy Discovery,T1201,Primary
Discovery,Peripheral Device Discovery,T1120,Primary
Discovery,Permission Groups Discovery,T1069,Primary
Discovery,Permission Groups Discovery : Cloud Groups,T1069.003,Sub
Discovery,Permission Groups Discovery : Domain Groups,T1069.002,Sub
Discovery,Permission Groups Discovery : Local Groups,T1069.001,Sub
Discovery,Process Discovery,T1057,Primary
Discovery,Query Registry,T1012,Primary
Discovery,Remote System Discovery,T1018,Primary
Discovery,Software Discovery,T1518,Primary
Discovery,Software Discovery : Security Software Discovery,T1518.001,Sub
Discovery,System Information Discovery,T1082,Primary
Discovery,System Network Configuration Discovery,T1016,Primary
Discovery,System Network Connections Discovery,T1049,Primary
Discovery,System Owner/User Discovery,T1033,Primary
Discovery,System Service Discovery,T1007,Primary
Discovery,System Time Discovery,T1124,Primary
Discovery,Virtualization/Sandbox Evasion,T1497,Primary
Discovery,Virtualization/Sandbox Evasion : System Checks,T1497.001,Sub
Discovery,Virtualization/Sandbox Evasion : Time Based Evasion,T1497.003,Sub
Discovery,Virtualization/Sandbox Evasion : User Activity Based Checks,T1497.002,Sub
Lateral Movement,Exploitation of Remote Services,T1210,Primary
Lateral Movement,Internal Spearphishing,T1534,Primary
Lateral Movement,Lateral Tool Transfer,T1570,Primary
Lateral Movement,Remote Service Session Hijacking,T1563,Primary
Lateral Movement,Remote Service Session Hijacking : RDP Hijacking,T1563.002,Sub
Lateral Movement,Remote Service Session Hijacking : SSH Hijacking,T1563.001,Sub
Lateral Movement,Remote Services,T1021,Primary
Lateral Movement,Remote Services : Distributed Component Object Model,T1021.003,Sub
Lateral Movement,Remote Services : Remote Desktop Protocol,T1021.001,Sub
Lateral Movement,Remote Services : SMB/Windows Admin Shares,T1021.002,Sub
Lateral Movement,Remote Services : SSH,T1021.004,Sub
Lateral Movement,Remote Services : VNC,T1021.005,Sub
Lateral Movement,Remote Services : Windows Remote Management,T1021.006,Sub
Lateral Movement,Replication Through Removable Media,T1091,Primary
Lateral Movement,Software Deployment Tools,T1072,Primary
Lateral Movement,Taint Shared Content,T1080,Primary
Lateral Movement,Use Alternate Authentication Material,T1550,Primary
Lateral Movement,Use Alternate Authentication Matieral : Application Access Token,T1550.001,Sub
Lateral Movement,Use Alternate Authentication Matieral : Pass the Hash,T1550.002,Sub
Lateral Movement,Use Alternate Authentication Matieral : Pass the Ticket,T1550.003,Sub
Lateral Movement,Use Alternate Authentication Matieral : Web Session Cookie,T1550.004,Sub
Collection,Archive Collected Data,T1560,Primary
Collection,Archive Collected Data : Archive via Custom Method,T1560.003,Sub
Collection,Archive Collected Data : Archive via Library,T1560.002,Sub
Collection,Archive Collected Data : Archive via Utility,T1560.001,Sub
Collection,Audio Capture,T1123,Primary
Collection,Automated Collection,T1119,Primary
Collection,Clipboard Data,T1115,Primary
Collection,Data from Cloud Storage Object,T1530,Primary
Collection,Data from Configuration Repository,T1602,Primary
Collection,Data from Configuration Repository : Network Device Configuration Dump,T1602.002,Sub
Collection,Data from Configuration Repository : SNMP (MIB Dump),T1602.001,Sub
Collection,Data from Information Repositories,T1213,Primary
Collection,Data from Information Repositories : Confluence,T1213.001,Sub
Collection,Data from Information Repositories : Sharepoint,T1213.002,Sub
Collection,Data from Local System,T1005,Primary
Collection,Data from Network Shared Drive,T1039,Primary
Collection,Data from Removable Media,T1025,Primary
Collection,Data Staged,T1074,Primary
Collection,Data Staged : Local Data Staging,T1074.001,Sub
Collection,Data Staged : Remote Data Staging,T1074.002,Sub
Collection,Email Collection,T1114,Primary
Collection,Email Collection : Email Forwarding Rule,T1114.003,Sub
Collection,Email Collection : Local Email Collection,T1114.001,Sub
Collection,Email Collection : Remote Email Collection,T1114.002,Sub
Collection,Input Capture,T1056,Primary
Collection,Input Capture : Credential API Hooking,T1056.004,Sub
Collection,Input Capture : GUI Input Capture,T1056.002,Sub
Collection,Input Capture : Keylogging,T1056.001,Sub
Collection,Input Capture : Web Portal Capture,T1056.003,Sub
Collection,Man in the Browser,T1185,Primary
Collection,Man-in-the-Middle,T1557,Primary
Collection,Man-in-the-Middle : ARP Cache Poisoning,T1557.002,Sub
Collection,Man-in-the-Middle : LLMNR/NBT-NS Poisoning and SMB Relay,T1557.001,Sub
Collection,Screen Capture,T1113,Primary
Collection,Video Capture,T1125,Primary
Command and Control,Application Layer Protocol,T1071,Primary
Command and Control,Application Layer Protocol : DNS,T1071.004,Sub
Command and Control,Application Layer Protocol : File Transfer Protocols,T1071.002,Sub
Command and Control,Application Layer Protocol : Mail Protocols,T1071.003,Sub
Command and Control,Application Layer Protocol : Web Protocols,T1071.001,Sub
Command and Control,Communication Through Removable Media,T1092,Primary
Command and Control,Data Encoding,T1132,Primary
Command and Control,Data Encoding : Non-Standard Encoding,T1132.002,Sub
Command and Control,Data Encoding : Standard Encoding,T1132.001,Sub
Command and Control,Data Obfuscation,T1001,Primary
Command and Control,Data Obfuscation : Junk Data,T1001.001,Sub
Command and Control,Data Obfuscation : Protocol Impersonation,T1001.003,Sub
Command and Control,Data Obfuscation : Steganography,T1001.002,Sub
Command and Control,Dynamic Resolution,T1568,Primary
Command and Control,Dynamic Resolution : DNS Calculation,T1568.003,Sub
Command and Control,Dynamic Resolution : Domain Generation Algorithms,T1568.002,Sub
Command and Control,Dynamic Resolution : Fast Flux DNS,T1568.001,Sub
Command and Control,Encrypted Channel,T1573,Primary
Command and Control,Encrypted Channel : Asymmetric Cryptography,T1573.002,Sub
Command and Control,Encrypted Channel : Symmetric Cryptography,T1573.001,Sub
Command and Control,Fallback Channels,T1008,Primary
Command and Control,Ingress Tool Transfer,T1105,Primary
Command and Control,Multi-Stage Channels,T1104,Primary
Command and Control,Non-Application Layer Protocol,T1095,Primary
Command and Control,Non-Standard Port,T1571,Primary
Command and Control,Protocol Tunneling,T1572,Primary
Command and Control,Proxy,T1090,Primary
Command and Control,Proxy : Domain Fronting,T1090.004,Sub
Command and Control,Proxy : External Proxy,T1090.002,Sub
Command and Control,Proxy : Internal Proxy,T1090.001,Sub
Command and Control,Proxy : Multi-hop Proxy,T1090.003,Sub
Command and Control,Remote Access Software,T1219,Primary
Command and Control,Traffic Signaling,T1205,Primary
Command and Control,Traffic Signaling : Port Knocking,T1205.001,Sub
Command and Control,Web Service,T1102,Primary
Command and Control,Web Service : Bidirectional Communication,T1102.002,Sub
Command and Control,Web Service : Dead Drop Resolver,T1102.001,Sub
Command and Control,Web Service : One-Way Communication,T1102.003,Sub
Exfiltration,Automated Exfiltration,T1020,Primary
Exfiltration,Automated Exfiltration : Traffic Duplication,T1020.001,Sub
Exfiltration,Data Transfer Size Limits,T1030,Primary
Exfiltration,Exfiltration Over Alternative Protocol,T1048,Primary
Exfiltration,Exfiltration Over Alternative Protocol : Exfiltration Over Asymmetric Encrypted Non-C2 Protocol,T1048.002,Sub
Exfiltration,Exfiltration Over Alternative Protocol : Exfiltration Over Symmetric Encrypted Non-C2 Protocol,T1048.001,Sub
Exfiltration,Exfiltration Over Alternative Protocol : Exfiltration Over Unencrypted/Obfuscated Non-C2 Protocol,T1048.003,Sub
Exfiltration,Exfiltration Over C2 Channel,T1041,Primary
Exfiltration,Exfiltration Over Other Network Medium,T1011,Primary
Exfiltration,Exfiltration Over Other Network Medium : Exfiltration Over Bluetooth,T1011.001,Sub
Exfiltration,Exfiltration Over Physical Medium,T1052,Primary
Exfiltration,Exfiltration Over Physical Medium : Exfiltration over USB,T1052.001,Sub
Exfiltration,Exfiltration Over Web Service,T1567,Primary
Exfiltration,Exfiltration Over Web Service : Exfiltration to Cloud Storage,T1567.002,Sub
Exfiltration,Exfiltration Over Web Service : Exfiltration to Code Repository,T1567.001,Sub
Exfiltration,Scheduled Transfer,T1029,Primary
Exfiltration,Transfer Data to Cloud Account,T1537,Primary
Impact,Account Access Removal,T1531,Primary
Impact,Data Destruction,T1485,Primary
Impact,Data Encrypted for Impact,T1486,Primary
Impact,Data Manipulation,T1565,Primary
Impact,Data Manipulation : Runtime Data Manipulation,T1565.003,Sub
Impact,Data Manipulation : Stored Data Manipulation,T1565.001,Sub
Impact,Data Manipulation : Transmitted Data Manipulation,T1565.002,Sub
Impact,Defacement,T1491,Primary
Impact,Defacement : External Defacement,T1491.002,Sub
Impact,Defacement : Internal Defacement,T1491.001,Sub
Impact,Disk Wipe,T1561,Primary
Impact,Disk Wipe : Disk Content Wipe,T1561.001,Sub
Impact,Disk Wipe : Disk Structure Wipe,T1561.002,Sub
Impact,Endpoint Denial of Service,T1499,Primary
Impact,Endpoint Denial of Service : Application Exhaustion Flood,T1499.003,Sub
Impact,Endpoint Denial of Service : Application or System Exploitation,T1499.004,Sub
Impact,Endpoint Denial of Service : OS Exhaustion Flood,T1499.001,Sub
Impact,Endpoint Denial of Service : Service Exhaustion Flood,T1499.002,Sub
Impact,Firmware Corruption,T1495,Primary
Impact,Inhibit System Recovery,T1490,Primary
Impact,Network Denial of Service,T1498,Primary
Impact,Network Denial of Service : Direct Network Flood,T1498.001,Sub
Impact,Network Denial of Service : Reflection Amplification,T1498.002,Sub
Impact,Resource Hijacking,T1496,Primary
Impact,Service Stop,T1489,Primary
Impact,System Shutdown/Reboot,T1529,Primary
